--
-- PostgreSQL database dump
--

\restrict 9b7fSzgXMbGdpLEucjlWVVIeO8IA0ZeoK2B8jr5SC1MYOer4dnESJB8RtwBQQ7D

-- Dumped from database version 17.6
-- Dumped by pg_dump version 17.6

-- Started on 2026-05-04 10:24:51

SET statement_timeout = 0;
SET lock_timeout = 0;
SET idle_in_transaction_session_timeout = 0;
SET transaction_timeout = 0;
SET client_encoding = 'UTF8';
SET standard_conforming_strings = on;
SELECT pg_catalog.set_config('search_path', '', false);
SET check_function_bodies = false;
SET xmloption = content;
SET client_min_messages = warning;
SET row_security = off;

SET default_tablespace = '';

SET default_table_access_method = heap;

--
-- TOC entry 220 (class 1259 OID 27131)
-- Name: Aircrafts; Type: TABLE; Schema: public; Owner: -
--

CREATE TABLE public."Aircrafts" (
    "Id" integer NOT NULL,
    "Model" text,
    "Manufacturer" text,
    "SeatsCount" integer NOT NULL
);


--
-- TOC entry 219 (class 1259 OID 27130)
-- Name: Aircrafts_Id_seq; Type: SEQUENCE; Schema: public; Owner: -
--

ALTER TABLE public."Aircrafts" ALTER COLUMN "Id" ADD GENERATED BY DEFAULT AS IDENTITY (
    SEQUENCE NAME public."Aircrafts_Id_seq"
    START WITH 1
    INCREMENT BY 1
    NO MINVALUE
    NO MAXVALUE
    CACHE 1
);


--
-- TOC entry 222 (class 1259 OID 27139)
-- Name: Airports; Type: TABLE; Schema: public; Owner: -
--

CREATE TABLE public."Airports" (
    "Id" integer NOT NULL,
    "Code" text NOT NULL,
    "Name" text,
    "CountryId" integer NOT NULL,
    "CityId" integer NOT NULL
);


--
-- TOC entry 221 (class 1259 OID 27138)
-- Name: Airports_Id_seq; Type: SEQUENCE; Schema: public; Owner: -
--

ALTER TABLE public."Airports" ALTER COLUMN "Id" ADD GENERATED BY DEFAULT AS IDENTITY (
    SEQUENCE NAME public."Airports_Id_seq"
    START WITH 1
    INCREMENT BY 1
    NO MINVALUE
    NO MAXVALUE
    CACHE 1
);


--
-- TOC entry 232 (class 1259 OID 35426)
-- Name: Cities; Type: TABLE; Schema: public; Owner: -
--

CREATE TABLE public."Cities" (
    "Id" integer NOT NULL,
    "Name" text NOT NULL
);


--
-- TOC entry 231 (class 1259 OID 35425)
-- Name: Cities_Id_seq; Type: SEQUENCE; Schema: public; Owner: -
--

ALTER TABLE public."Cities" ALTER COLUMN "Id" ADD GENERATED BY DEFAULT AS IDENTITY (
    SEQUENCE NAME public."Cities_Id_seq"
    START WITH 1
    INCREMENT BY 1
    NO MINVALUE
    NO MAXVALUE
    CACHE 1
);


--
-- TOC entry 224 (class 1259 OID 27147)
-- Name: Countries; Type: TABLE; Schema: public; Owner: -
--

CREATE TABLE public."Countries" (
    "Id" integer NOT NULL,
    "Name" text NOT NULL
);


--
-- TOC entry 223 (class 1259 OID 27146)
-- Name: Countries_Id_seq; Type: SEQUENCE; Schema: public; Owner: -
--

ALTER TABLE public."Countries" ALTER COLUMN "Id" ADD GENERATED BY DEFAULT AS IDENTITY (
    SEQUENCE NAME public."Countries_Id_seq"
    START WITH 1
    INCREMENT BY 1
    NO MINVALUE
    NO MAXVALUE
    CACHE 1
);


--
-- TOC entry 226 (class 1259 OID 27155)
-- Name: Flights; Type: TABLE; Schema: public; Owner: -
--

CREATE TABLE public."Flights" (
    "Id" integer NOT NULL,
    "AircraftId" integer NOT NULL,
    "FromAirportId" integer NOT NULL,
    "ToAirportId" integer NOT NULL,
    "DepartureTime" timestamp without time zone NOT NULL,
    "ArrivalTime" timestamp without time zone NOT NULL,
    "FlightNumber" character varying(10) NOT NULL,
    "BasePrice" numeric(10,2)
);


--
-- TOC entry 225 (class 1259 OID 27154)
-- Name: Flights_Id_seq; Type: SEQUENCE; Schema: public; Owner: -
--

ALTER TABLE public."Flights" ALTER COLUMN "Id" ADD GENERATED BY DEFAULT AS IDENTITY (
    SEQUENCE NAME public."Flights_Id_seq"
    START WITH 1
    INCREMENT BY 1
    NO MINVALUE
    NO MAXVALUE
    CACHE 1
);


--
-- TOC entry 228 (class 1259 OID 27161)
-- Name: Tickets; Type: TABLE; Schema: public; Owner: -
--

CREATE TABLE public."Tickets" (
    "Id" integer NOT NULL,
    "UserId" integer NOT NULL,
    "FlightId" integer NOT NULL,
    "SeatNumber" integer NOT NULL,
    "BookingDate" timestamp without time zone NOT NULL
);


--
-- TOC entry 227 (class 1259 OID 27160)
-- Name: Tickets_Id_seq; Type: SEQUENCE; Schema: public; Owner: -
--

ALTER TABLE public."Tickets" ALTER COLUMN "Id" ADD GENERATED BY DEFAULT AS IDENTITY (
    SEQUENCE NAME public."Tickets_Id_seq"
    START WITH 1
    INCREMENT BY 1
    NO MINVALUE
    NO MAXVALUE
    CACHE 1
);


--
-- TOC entry 230 (class 1259 OID 35316)
-- Name: UserRoles; Type: TABLE; Schema: public; Owner: -
--

CREATE TABLE public."UserRoles" (
    "Id" integer NOT NULL,
    "Name" text NOT NULL
);


--
-- TOC entry 229 (class 1259 OID 35315)
-- Name: UserRoles_Id_seq; Type: SEQUENCE; Schema: public; Owner: -
--

ALTER TABLE public."UserRoles" ALTER COLUMN "Id" ADD GENERATED BY DEFAULT AS IDENTITY (
    SEQUENCE NAME public."UserRoles_Id_seq"
    START WITH 1
    INCREMENT BY 1
    NO MINVALUE
    NO MAXVALUE
    CACHE 1
);


--
-- TOC entry 218 (class 1259 OID 27123)
-- Name: Users; Type: TABLE; Schema: public; Owner: -
--

CREATE TABLE public."Users" (
    "Id" integer NOT NULL,
    "FirstName" text NOT NULL,
    "SecondName" text NOT NULL,
    "MiddleName" text NOT NULL,
    "PhoneNumber" text NOT NULL,
    "PassportData" text NOT NULL,
    "DateOfBirth" date NOT NULL,
    "RoleId" integer NOT NULL,
    "Email" text NOT NULL,
    "Password" text NOT NULL
);


--
-- TOC entry 217 (class 1259 OID 27122)
-- Name: Users_Id_seq; Type: SEQUENCE; Schema: public; Owner: -
--

ALTER TABLE public."Users" ALTER COLUMN "Id" ADD GENERATED BY DEFAULT AS IDENTITY (
    SEQUENCE NAME public."Users_Id_seq"
    START WITH 1
    INCREMENT BY 1
    NO MINVALUE
    NO MAXVALUE
    CACHE 1
);


--
-- TOC entry 4949 (class 0 OID 27131)
-- Dependencies: 220
-- Data for Name: Aircrafts; Type: TABLE DATA; Schema: public; Owner: -
--

INSERT INTO public."Aircrafts" VALUES (1, '320', 'Airbus', 180);
INSERT INTO public."Aircrafts" VALUES (2, '330', 'Airbus', 250);
INSERT INTO public."Aircrafts" VALUES (3, '737', 'Boeing', 160);
INSERT INTO public."Aircrafts" VALUES (4, '777', 'Boeing', 300);
INSERT INTO public."Aircrafts" VALUES (5, 'SSJ100', 'Sukhoi', 100);


--
-- TOC entry 4951 (class 0 OID 27139)
-- Dependencies: 222
-- Data for Name: Airports; Type: TABLE DATA; Schema: public; Owner: -
--

INSERT INTO public."Airports" VALUES (1, 'SVO', 'Шереметьево', 1, 1);
INSERT INTO public."Airports" VALUES (2, 'DME', 'Домодедово', 1, 1);
INSERT INTO public."Airports" VALUES (3, 'BER', 'Berlin Brandenburg', 2, 2);
INSERT INTO public."Airports" VALUES (4, 'CDG', 'Charles de Gaulle', 3, 3);
INSERT INTO public."Airports" VALUES (5, 'AMS', 'Schiphol', 4, 4);
INSERT INTO public."Airports" VALUES (6, 'JFK', 'John F Kennedy', 5, 5);
INSERT INTO public."Airports" VALUES (7, '234', '3234', 6, 2);


--
-- TOC entry 4961 (class 0 OID 35426)
-- Dependencies: 232
-- Data for Name: Cities; Type: TABLE DATA; Schema: public; Owner: -
--

INSERT INTO public."Cities" VALUES (1, 'Москва');
INSERT INTO public."Cities" VALUES (2, 'Берлин');
INSERT INTO public."Cities" VALUES (3, 'Париж');
INSERT INTO public."Cities" VALUES (4, 'Амстердам');
INSERT INTO public."Cities" VALUES (5, 'Нью-Йорк');


--
-- TOC entry 4953 (class 0 OID 27147)
-- Dependencies: 224
-- Data for Name: Countries; Type: TABLE DATA; Schema: public; Owner: -
--

INSERT INTO public."Countries" VALUES (1, 'Россия');
INSERT INTO public."Countries" VALUES (2, 'Германия');
INSERT INTO public."Countries" VALUES (3, 'Франция');
INSERT INTO public."Countries" VALUES (4, 'Нидерланды');
INSERT INTO public."Countries" VALUES (5, 'США');
INSERT INTO public."Countries" VALUES (6, 'Турция');


--
-- TOC entry 4955 (class 0 OID 27155)
-- Dependencies: 226
-- Data for Name: Flights; Type: TABLE DATA; Schema: public; Owner: -
--

INSERT INTO public."Flights" VALUES (11, 2, 3, 1, '2026-04-11 13:00:00', '2026-04-11 17:00:00', 'S7-777', 14270.00);
INSERT INTO public."Flights" VALUES (13, 1, 5, 3, '2026-04-13 10:00:00', '2026-04-13 13:00:00', 'DP-105', 14270.00);
INSERT INTO public."Flights" VALUES (14, 4, 1, 6, '2026-04-14 15:00:00', '2026-04-14 23:00:00', 'SU-201', 42819.00);
INSERT INTO public."Flights" VALUES (15, 5, 6, 2, '2026-04-15 06:00:00', '2026-04-15 14:00:00', 'S7-003', 41690.00);
INSERT INTO public."Flights" VALUES (1, 1, 1, 3, '2026-04-01 10:00:00', '2026-04-01 12:00:00', 'SU-123', 7500.00);
INSERT INTO public."Flights" VALUES (2, 2, 3, 4, '2026-04-02 09:00:00', '2026-04-02 11:30:00', 'SU-456', 7500.00);
INSERT INTO public."Flights" VALUES (3, 3, 4, 5, '2026-04-03 08:00:00', '2026-04-03 10:00:00', 'S7-101', 7500.00);
INSERT INTO public."Flights" VALUES (4, 4, 5, 6, '2026-04-04 07:00:00', '2026-04-04 15:00:00', 'S7-202', 7500.00);
INSERT INTO public."Flights" VALUES (5, 1, 6, 1, '2026-04-05 16:00:00', '2026-04-06 02:00:00', 'U6-311', 7500.00);
INSERT INTO public."Flights" VALUES (6, 5, 2, 1, '2026-04-06 10:00:00', '2026-04-06 11:00:00', 'SU-011', 7500.00);
INSERT INTO public."Flights" VALUES (7, 3, 1, 4, '2026-04-07 12:00:00', '2026-04-07 15:00:00', 'LH-1440', 7500.00);
INSERT INTO public."Flights" VALUES (8, 2, 4, 6, '2026-04-08 14:00:00', '2026-04-08 22:00:00', 'AF-2231', 7500.00);
INSERT INTO public."Flights" VALUES (9, 1, 5, 2, '2026-04-09 09:00:00', '2026-04-09 12:00:00', 'KL-1102', 7500.00);
INSERT INTO public."Flights" VALUES (10, 4, 6, 3, '2026-04-10 11:00:00', '2026-04-10 20:00:00', 'SU-550', 7500.00);
INSERT INTO public."Flights" VALUES (12, 3, 2, 5, '2026-04-12 08:00:00', '2026-04-12 12:00:00', 'U6-440', 7500.00);
INSERT INTO public."Flights" VALUES (17, 4, 1, 6, '2026-04-01 23:00:00', '2026-04-02 08:30:00', 'SU-102', 42819.00);
INSERT INTO public."Flights" VALUES (16, 4, 1, 6, '2026-04-20 23:00:00', '2026-04-21 08:30:00', 'SU-102', 39651.00);


--
-- TOC entry 4957 (class 0 OID 27161)
-- Dependencies: 228
-- Data for Name: Tickets; Type: TABLE DATA; Schema: public; Owner: -
--

INSERT INTO public."Tickets" VALUES (2, 2, 1, 15, '2026-03-25 10:10:06.237454');
INSERT INTO public."Tickets" VALUES (3, 3, 2, 20, '2026-03-25 10:10:06.237454');
INSERT INTO public."Tickets" VALUES (4, 4, 3, 5, '2026-03-25 10:10:06.237454');
INSERT INTO public."Tickets" VALUES (6, 2, 5, 9, '2026-03-25 10:10:06.237454');
INSERT INTO public."Tickets" VALUES (7, 3, 6, 3, '2026-03-25 10:10:06.237454');
INSERT INTO public."Tickets" VALUES (8, 4, 7, 14, '2026-03-25 10:10:06.237454');
INSERT INTO public."Tickets" VALUES (10, 2, 9, 18, '2026-03-25 10:10:06.237454');
INSERT INTO public."Tickets" VALUES (11, 3, 10, 11, '2026-03-25 10:10:06.237454');
INSERT INTO public."Tickets" VALUES (12, 4, 11, 6, '2026-03-25 10:10:06.237454');
INSERT INTO public."Tickets" VALUES (14, 2, 13, 19, '2026-03-25 10:10:06.237454');
INSERT INTO public."Tickets" VALUES (15, 3, 14, 25, '2026-03-25 10:10:06.237454');
INSERT INTO public."Tickets" VALUES (16, 4, 15, 8, '2026-03-25 10:10:06.237454');
INSERT INTO public."Tickets" VALUES (18, 2, 3, 16, '2026-03-25 10:10:06.237454');
INSERT INTO public."Tickets" VALUES (19, 3, 4, 21, '2026-03-25 10:10:06.237454');
INSERT INTO public."Tickets" VALUES (20, 4, 5, 10, '2026-03-25 10:10:06.237454');
INSERT INTO public."Tickets" VALUES (22, 2, 7, 13, '2026-03-25 10:10:06.237454');
INSERT INTO public."Tickets" VALUES (23, 3, 8, 17, '2026-03-25 10:10:06.237454');
INSERT INTO public."Tickets" VALUES (24, 4, 9, 23, '2026-03-25 10:10:06.237454');
INSERT INTO public."Tickets" VALUES (26, 2, 11, 27, '2026-03-25 10:10:06.237454');
INSERT INTO public."Tickets" VALUES (27, 3, 12, 28, '2026-03-25 10:10:06.237454');
INSERT INTO public."Tickets" VALUES (28, 4, 13, 29, '2026-03-25 10:10:06.237454');
INSERT INTO public."Tickets" VALUES (30, 2, 15, 32, '2026-03-25 10:10:06.237454');
INSERT INTO public."Tickets" VALUES (31, 3, 1, 33, '2026-03-25 10:10:06.237454');
INSERT INTO public."Tickets" VALUES (32, 4, 2, 34, '2026-03-25 10:10:06.237454');
INSERT INTO public."Tickets" VALUES (34, 2, 4, 36, '2026-03-25 10:10:06.237454');
INSERT INTO public."Tickets" VALUES (35, 3, 5, 37, '2026-03-25 10:10:06.237454');
INSERT INTO public."Tickets" VALUES (36, 4, 6, 38, '2026-03-25 10:10:06.237454');
INSERT INTO public."Tickets" VALUES (38, 2, 8, 40, '2026-03-25 10:10:06.237454');
INSERT INTO public."Tickets" VALUES (39, 3, 9, 41, '2026-03-25 10:10:06.237454');
INSERT INTO public."Tickets" VALUES (40, 4, 10, 42, '2026-03-25 10:10:06.237454');
INSERT INTO public."Tickets" VALUES (49, 4, 6, 16, '2026-04-01 11:04:04.214899');
INSERT INTO public."Tickets" VALUES (50, 2, 6, 1, '2026-04-02 19:40:33.48291');
INSERT INTO public."Tickets" VALUES (51, 5, 1, 64, '2026-04-02 21:48:58.121235');
INSERT INTO public."Tickets" VALUES (52, 5, 1, 66, '2026-04-02 21:49:37.038453');
INSERT INTO public."Tickets" VALUES (53, 5, 1, 70, '2026-04-02 22:05:28.647633');
INSERT INTO public."Tickets" VALUES (54, 5, 1, 71, '2026-04-02 22:05:28.647787');
INSERT INTO public."Tickets" VALUES (55, 5, 1, 72, '2026-04-02 22:05:28.647788');
INSERT INTO public."Tickets" VALUES (56, 5, 1, 1, '2026-04-02 22:07:16.240647');
INSERT INTO public."Tickets" VALUES (59, 5, 1, 2, '2026-04-02 23:13:41.473191');
INSERT INTO public."Tickets" VALUES (60, 5, 1, 3, '2026-04-02 23:13:41.473246');
INSERT INTO public."Tickets" VALUES (61, 5, 1, 7, '2026-04-02 23:13:41.473246');
INSERT INTO public."Tickets" VALUES (62, 5, 1, 8, '2026-04-02 23:13:41.473247');
INSERT INTO public."Tickets" VALUES (63, 5, 1, 9, '2026-04-02 23:13:41.473247');
INSERT INTO public."Tickets" VALUES (64, 5, 17, 292, '2026-04-02 23:14:00.862706');
INSERT INTO public."Tickets" VALUES (65, 5, 17, 293, '2026-04-02 23:14:00.862709');
INSERT INTO public."Tickets" VALUES (66, 5, 17, 294, '2026-04-02 23:14:00.86271');
INSERT INTO public."Tickets" VALUES (69, 5, 1, 53, '2026-04-02 23:19:17.172825');
INSERT INTO public."Tickets" VALUES (70, 5, 1, 54, '2026-04-02 23:19:17.172914');
INSERT INTO public."Tickets" VALUES (72, 5, 1, 5, '2026-04-03 09:03:57.037603');
INSERT INTO public."Tickets" VALUES (73, 5, 1, 6, '2026-04-03 09:03:57.037604');
INSERT INTO public."Tickets" VALUES (74, 5, 17, 133, '2026-04-03 09:07:37.259771');
INSERT INTO public."Tickets" VALUES (75, 5, 17, 134, '2026-04-03 09:07:37.259776');
INSERT INTO public."Tickets" VALUES (76, 5, 17, 135, '2026-04-03 09:07:37.259776');
INSERT INTO public."Tickets" VALUES (77, 21, 14, 1, '2026-04-08 09:41:47.713329');
INSERT INTO public."Tickets" VALUES (78, 21, 14, 67, '2026-04-08 09:41:47.713386');
INSERT INTO public."Tickets" VALUES (79, 21, 14, 134, '2026-04-08 09:41:47.713387');
INSERT INTO public."Tickets" VALUES (80, 21, 14, 167, '2026-04-08 09:41:47.713387');
INSERT INTO public."Tickets" VALUES (81, 21, 14, 220, '2026-04-08 09:41:47.713387');


--
-- TOC entry 4959 (class 0 OID 35316)
-- Dependencies: 230
-- Data for Name: UserRoles; Type: TABLE DATA; Schema: public; Owner: -
--

INSERT INTO public."UserRoles" VALUES (1, 'Клиент');
INSERT INTO public."UserRoles" VALUES (2, 'Администратор');


--
-- TOC entry 4947 (class 0 OID 27123)
-- Dependencies: 218
-- Data for Name: Users; Type: TABLE DATA; Schema: public; Owner: -
--

INSERT INTO public."Users" VALUES (2, 'Пётр', 'Петров', 'Алексеевич', '+79990000002', '4011 654321', '1990-03-22', 1, 'petr@mail.com', '1234');
INSERT INTO public."Users" VALUES (3, 'Анна', 'Сидорова', 'Игоревна', '+79990000003', '4012 987654', '1998-07-01', 1, 'anna@mail.com', '1234');
INSERT INTO public."Users" VALUES (4, 'Мария', 'Кузнецова', 'Олеговна', '+79990000004', '4013 111222', '1992-11-15', 1, 'maria@mail.com', '1234');
INSERT INTO public."Users" VALUES (5, 'Алексей', 'Смирнов', 'Дмитриевич', '+79990000005', '4014 333444', '1985-02-10', 2, 'admin1@mail.com', 'admin');
INSERT INTO public."Users" VALUES (6, 'Ольга', 'Попова', 'Сергеевна', '+79990000006', '4015 555666', '1988-06-30', 2, 'admin2@mail.com', 'admin');
INSERT INTO public."Users" VALUES (17, 'иван', 'иван', 'иван', '+67', 'иван123', '2026-04-08', 1, 'иван@bdfy', 'иван67');
INSERT INTO public."Users" VALUES (18, 'dd', 'd', 'd', '+7', 'd', '2026-04-08', 1, 'd@d', 'd');
INSERT INTO public."Users" VALUES (19, 'ytfyu', 'ygj', 'gn', '456789', 'g', '2026-04-08', 1, 'f@h', 'fyguhij');
INSERT INTO public."Users" VALUES (20, 'sdv', 'sdv', 'sv', '+7', '32', '2026-04-08', 1, 'v@F', 'fsv');
INSERT INTO public."Users" VALUES (21, 'kc', 'dfvf', 'fvd', '324', 'dfv234', '2026-04-08', 1, 's@E', '133124');


--
-- TOC entry 4967 (class 0 OID 0)
-- Dependencies: 219
-- Name: Aircrafts_Id_seq; Type: SEQUENCE SET; Schema: public; Owner: -
--

SELECT pg_catalog.setval('public."Aircrafts_Id_seq"', 6, true);


--
-- TOC entry 4968 (class 0 OID 0)
-- Dependencies: 221
-- Name: Airports_Id_seq; Type: SEQUENCE SET; Schema: public; Owner: -
--

SELECT pg_catalog.setval('public."Airports_Id_seq"', 7, true);


--
-- TOC entry 4969 (class 0 OID 0)
-- Dependencies: 231
-- Name: Cities_Id_seq; Type: SEQUENCE SET; Schema: public; Owner: -
--

SELECT pg_catalog.setval('public."Cities_Id_seq"', 5, true);


--
-- TOC entry 4970 (class 0 OID 0)
-- Dependencies: 223
-- Name: Countries_Id_seq; Type: SEQUENCE SET; Schema: public; Owner: -
--

SELECT pg_catalog.setval('public."Countries_Id_seq"', 6, true);


--
-- TOC entry 4971 (class 0 OID 0)
-- Dependencies: 225
-- Name: Flights_Id_seq; Type: SEQUENCE SET; Schema: public; Owner: -
--

SELECT pg_catalog.setval('public."Flights_Id_seq"', 17, true);


--
-- TOC entry 4972 (class 0 OID 0)
-- Dependencies: 227
-- Name: Tickets_Id_seq; Type: SEQUENCE SET; Schema: public; Owner: -
--

SELECT pg_catalog.setval('public."Tickets_Id_seq"', 82, true);


--
-- TOC entry 4973 (class 0 OID 0)
-- Dependencies: 229
-- Name: UserRoles_Id_seq; Type: SEQUENCE SET; Schema: public; Owner: -
--

SELECT pg_catalog.setval('public."UserRoles_Id_seq"', 4, true);


--
-- TOC entry 4974 (class 0 OID 0)
-- Dependencies: 217
-- Name: Users_Id_seq; Type: SEQUENCE SET; Schema: public; Owner: -
--

SELECT pg_catalog.setval('public."Users_Id_seq"', 21, true);


--
-- TOC entry 4780 (class 2606 OID 27137)
-- Name: Aircrafts Aircrafts_pkey; Type: CONSTRAINT; Schema: public; Owner: -
--

ALTER TABLE ONLY public."Aircrafts"
    ADD CONSTRAINT "Aircrafts_pkey" PRIMARY KEY ("Id");


--
-- TOC entry 4782 (class 2606 OID 27145)
-- Name: Airports Airports_pkey; Type: CONSTRAINT; Schema: public; Owner: -
--

ALTER TABLE ONLY public."Airports"
    ADD CONSTRAINT "Airports_pkey" PRIMARY KEY ("Id");


--
-- TOC entry 4784 (class 2606 OID 27153)
-- Name: Countries Countries_pkey; Type: CONSTRAINT; Schema: public; Owner: -
--

ALTER TABLE ONLY public."Countries"
    ADD CONSTRAINT "Countries_pkey" PRIMARY KEY ("Id");


--
-- TOC entry 4786 (class 2606 OID 27159)
-- Name: Flights Flights_pkey; Type: CONSTRAINT; Schema: public; Owner: -
--

ALTER TABLE ONLY public."Flights"
    ADD CONSTRAINT "Flights_pkey" PRIMARY KEY ("Id");


--
-- TOC entry 4788 (class 2606 OID 27165)
-- Name: Tickets Tickets_pkey; Type: CONSTRAINT; Schema: public; Owner: -
--

ALTER TABLE ONLY public."Tickets"
    ADD CONSTRAINT "Tickets_pkey" PRIMARY KEY ("Id");


--
-- TOC entry 4778 (class 2606 OID 27129)
-- Name: Users Users_pkey; Type: CONSTRAINT; Schema: public; Owner: -
--

ALTER TABLE ONLY public."Users"
    ADD CONSTRAINT "Users_pkey" PRIMARY KEY ("Id");


--
-- TOC entry 4792 (class 2606 OID 35432)
-- Name: Cities _cities__pk; Type: CONSTRAINT; Schema: public; Owner: -
--

ALTER TABLE ONLY public."Cities"
    ADD CONSTRAINT _cities__pk PRIMARY KEY ("Id");


--
-- TOC entry 4790 (class 2606 OID 35322)
-- Name: UserRoles userroles_pk; Type: CONSTRAINT; Schema: public; Owner: -
--

ALTER TABLE ONLY public."UserRoles"
    ADD CONSTRAINT userroles_pk PRIMARY KEY ("Id");


--
-- TOC entry 4794 (class 2606 OID 35454)
-- Name: Airports Airports_CountryId_fkey; Type: FK CONSTRAINT; Schema: public; Owner: -
--

ALTER TABLE ONLY public."Airports"
    ADD CONSTRAINT "Airports_CountryId_fkey" FOREIGN KEY ("CountryId") REFERENCES public."Countries"("Id") ON UPDATE CASCADE ON DELETE CASCADE;


--
-- TOC entry 4796 (class 2606 OID 35459)
-- Name: Flights Flights_AircraftId_fkey; Type: FK CONSTRAINT; Schema: public; Owner: -
--

ALTER TABLE ONLY public."Flights"
    ADD CONSTRAINT "Flights_AircraftId_fkey" FOREIGN KEY ("AircraftId") REFERENCES public."Aircrafts"("Id") ON UPDATE CASCADE ON DELETE CASCADE;


--
-- TOC entry 4797 (class 2606 OID 35464)
-- Name: Flights Flights_FromAirportId_fkey; Type: FK CONSTRAINT; Schema: public; Owner: -
--

ALTER TABLE ONLY public."Flights"
    ADD CONSTRAINT "Flights_FromAirportId_fkey" FOREIGN KEY ("FromAirportId") REFERENCES public."Airports"("Id") ON UPDATE CASCADE ON DELETE CASCADE;


--
-- TOC entry 4798 (class 2606 OID 35469)
-- Name: Flights Flights_ToAirportId_fkey; Type: FK CONSTRAINT; Schema: public; Owner: -
--

ALTER TABLE ONLY public."Flights"
    ADD CONSTRAINT "Flights_ToAirportId_fkey" FOREIGN KEY ("ToAirportId") REFERENCES public."Airports"("Id") ON UPDATE CASCADE ON DELETE CASCADE;


--
-- TOC entry 4799 (class 2606 OID 35444)
-- Name: Tickets Tickets_FlightId_fkey; Type: FK CONSTRAINT; Schema: public; Owner: -
--

ALTER TABLE ONLY public."Tickets"
    ADD CONSTRAINT "Tickets_FlightId_fkey" FOREIGN KEY ("FlightId") REFERENCES public."Flights"("Id") ON UPDATE CASCADE ON DELETE CASCADE;


--
-- TOC entry 4800 (class 2606 OID 35449)
-- Name: Tickets Tickets_UserId_fkey; Type: FK CONSTRAINT; Schema: public; Owner: -
--

ALTER TABLE ONLY public."Tickets"
    ADD CONSTRAINT "Tickets_UserId_fkey" FOREIGN KEY ("UserId") REFERENCES public."Users"("Id") ON UPDATE CASCADE ON DELETE CASCADE;


--
-- TOC entry 4795 (class 2606 OID 35439)
-- Name: Airports airports_cities_fk; Type: FK CONSTRAINT; Schema: public; Owner: -
--

ALTER TABLE ONLY public."Airports"
    ADD CONSTRAINT airports_cities_fk FOREIGN KEY ("CityId") REFERENCES public."Cities"("Id") ON UPDATE CASCADE ON DELETE CASCADE;


--
-- TOC entry 4793 (class 2606 OID 35323)
-- Name: Users users_userroles_fk; Type: FK CONSTRAINT; Schema: public; Owner: -
--

ALTER TABLE ONLY public."Users"
    ADD CONSTRAINT users_userroles_fk FOREIGN KEY ("RoleId") REFERENCES public."UserRoles"("Id") ON UPDATE CASCADE ON DELETE CASCADE;


-- Completed on 2026-05-04 10:24:51

--
-- PostgreSQL database dump complete
--

\unrestrict 9b7fSzgXMbGdpLEucjlWVVIeO8IA0ZeoK2B8jr5SC1MYOer4dnESJB8RtwBQQ7D

